type,seq,timestamp,taget_seq,taget,mac,rssi,rate,sig_mode,mcs,cwb,smoothing,not_sounding,aggregation,stbc,fec_coding,sgi,noise_floor,ampdu_cnt,channel_primary,channel_secondary,local_timestamp,ant,sig_len,rx_state,len,first_word_invalid,data
CSI_DATA,43838,2024-04-02 16:47:14.595,1,static,1a:00:00:00:00:00,-51,11,1,0,1,1,1,0,0,0,1,-96,0,11,2,451640098,0,44,0,104,0,"[-12, -10, -12, -10, -13, -9, -13, -9, -13, -10, -12, -10, -12, -10, -12, -10, -12, -9, -12, -9, -13, -8, -13, -8, -13, -8, -13, -8, -13, -8, -14, -7, -14, -7, -13, -7, -13, -7, -13, -7, -13, -8, -14, -7, -14, -7, -14, -6, -15, -6, -16, -7, -15, -4, -16, -5, -16, -4, -16, -4, -16, -5, -16, -5, -16, -5, -16, -5, -16, -5, -17, -5, -17, -5, -17, -5, -16, -5, -17, -6, -18, -6, -19, -6, -18, -6, -17, -7, -17, -8, -16, -8, -16, -8, -16, -8, -16, -8, -16, -9, -15, -9, -14, -9]"
CSI_DATA,43839,2024-04-02 16:47:14.599,1,static,1a:00:00:00:00:00,-51,11,1,0,1,1,1,0,0,0,1,-96,0,11,2,451650154,0,44,0,104,0,"[-17, -3, -17, -2, -17, -1, -18, -2, -17, -2, -17, -2, -17, -2, -17, -2, -16, -2, -16, -1, -17, 0, -17, 1, -17, 1, -17, 0, -17, 0, -17, 1, -16, 2, -16, 2, -16, 2, -16, 1, -17, 1, -17, 1, -16, 2, -17, 4, -17, 4, -19, 4, -16, 5, -17, 6, -17, 7, -17, 6, -17, 6, -17, 6, -18, 6, -17, 5, -17, 5, -18, 6, -19, 6, -18, 6, -18, 6, -19, 6, -19, 6, -20, 7, -20, 7, -20, 5, -20, 4, -20, 3, -19, 3, -19, 3, -19, 3, -20, 3, -19, 2, -18, 2]"
CSI_DATA,43840,2024-04-02 16:47:14.608,1,static,1a:00:00:00:00:00,-51,11,1,0,1,1,1,0,0,0,1,-96,0,11,2,451659634,0,44,0,104,0,"[-2, -14, -2, -14, -3, -14, -3, -14, -3, -14, -3, -13, -3, -13, -3, -13, -3, -13, -3, -12, -4, -13, -5, -13, -5, -13, -4, -13, -4, -13, -5, -13, -5, -13, -5, -12, -5, -12, -5, -12, -5, -13, -5, -12, -6, -12, -7, -12, -8, -13, -8, -13, -9, -12, -9, -13, -9, -12, -9, -12, -8, -12, -8, -12, -8, -12, -8, -12, -8, -12, -9, -13, -9, -13, -9, -13, -9, -13, -9, -13, -9, -14, -10, -14, -9, -14, -8, -14, -8, -15, -7, -14, -7, -14, -6, -14, -6, -14, -6, -14, -6, -14, -5, -14]"
CSI_DATA,43841,2024-04-02 16:47:14.618,1,static,1a:00:00:00:00:00,-51,11,1,0,1,1,1,0,0,0,1,-96,0,11,2,451669623,0,44,0,104,0,"[-11, -9, -11, -9, -12, -8, -12, -8, -11, -8, -11, -8, -11, -8, -11, -8, -11, -8, -11, -7, -12, -7, -12, -7, -12, -7, -12, -7, -12, -7, -13, -6, -12, -5, -12, -5, -12, -5, -12, -5, -12, -6, -12, -5, -12, -5, -13, -4, -14, -4, -15, -5, -14, -3, -15, -3, -15, -2, -14, -2, -14, -3, -14, -3, -15, -3, -15, -3, -15, -3, -16, -3, -16, -3, -15, -3, -15, -3, -16, -3, -16, -3, -17, -3, -17, -3, -16, -4, -15, -5, -15, -5, -15, -5, -15, -5, -15, -5, -15, -6, -14, -6, -13, -6]"
CSI_DATA,43842,2024-04-02 16:47:14.628,1,static,1a:00:00:00:00:00,-50,11,1,0,1,1,1,0,0,0,1,-96,0,11,2,451679619,0,44,0,104,0,"[-6, 11, -6, 11, -5, 11, -5, 12, -6, 11, -6, 11, -6, 11, -6, 11, -5, 11, -5, 11, -4, 11, -4, 12, -4, 12, -4, 11, -4, 11, -3, 12, -2, 12, -3, 11, -3, 11, -3, 11, -4, 11, -3, 11, -3, 11, -2, 12, -1, 13, -2, 13, 0, 12, 0, 13, 0, 13, 0, 13, -1, 13, -1, 13, -1, 13, -1, 13, -1, 13, 0, 14, 0, 14, -1, 14, -1, 14, 0, 14, 0, 15, 0, 15, -1, 15, -1, 15, -2, 14, -3, 14, -3, 14, -3, 14, -3, 14, -3, 14, -4, 13, -4, 12]"
CSI_DATA,43843,2024-04-02 16:47:14.638,1,static,1a:00:00:00:00:00,-51,11,1,0,1,1,1,0,0,0,1,-96,0,11,2,451689628,0,44,0,104,0,"[5, -12, 5, -13, 4, -13, 4, -13, 5, -13, 4, -13, 4, -13, 4, -12, 4, -12, 4, -12, 3, -13, 3, -13, 3, -13, 3, -13, 3, -13, 2, -14, 1, -13, 2, -12, 2, -12, 2, -13, 3, -13, 2, -13, 2, -13, 1, -13, 1, -14, 1, -15, -1, -14, -1, -15, -1, -15, -1, -15, 0, -14, 0, -15, 0, -15, 0, -15, 0, -15, 0, -15, 0, -16, 0, -16, 0, -15, 0, -16, 0, -16, 0, -17, 0, -17, 1, -16, 2, -16, 2, -16, 3, -15, 3, -15, 3, -15, 3, -15, 4, -15, 4, -14]"
CSI_DATA,43844,2024-04-02 16:47:14.648,1,static,1a:00:00:00:00:00,-51,11,1,0,1,1,1,0,0,0,1,-96,0,11,2,451699618,0,44,0,104,0,"[-17, 0, -17, 0, -17, 1, -17, 1, -17, 1, -17, 0, -16, 0, -16, 0, -16, 1, -16, 1, -16, 2, -16, 3, -17, 3, -17, 2, -17, 2, -17, 4, -16, 4, -15, 4, -15, 4, -16, 3, -17, 3, -16, 4, -16, 4, -16, 5, -17, 7, -18, 6, -16, 8, -17, 8, -16, 9, -15, 8, -16, 8, -16, 8, -17, 8, -17, 7, -17, 7, -17, 8, -18, 8, -17, 8, -18, 8, -18, 8, -18, 9, -19, 9, -19, 9, -19, 7, -19, 6, -19, 5, -19, 5, -19, 5, -19, 5, -19, 5, -18, 4, -18, 3]"
CSI_DATA,43845,2024-04-02 16:47:14.658,1,static,1a:00:00:00:00:00,-51,11,1,0,1,1,1,0,0,0,1,-96,0,11,2,451709619,0,44,0,104,0,"[-13, 2, -13, 3, -13, 4, -13, 4, -13, 3, -13, 3, -13, 3, -13, 3, -13, 3, -12, 4, -12, 4, -12, 5, -13, 5, -13, 4, -12, 4, -12, 5, -12, 6, -11, 5, -11, 5, -12, 5, -12, 5, -12, 5, -12, 5, -12, 6, -12, 7, -13, 7, -11, 8, -12, 9, -12, 9, -11, 9, -12, 8, -12, 8, -12, 8, -12, 8, -12, 8, -13, 8, -13, 9, -13, 8, -13, 8, -13, 8, -14, 8, -14, 9, -14, 9, -14, 8, -14, 7, -14, 6, -14, 6, -14, 6, -15, 5, -15, 5, -14, 5, -14, 4]"
CSI_DATA,43846,2024-04-02 16:47:14.673,1,static,1a:00:00:00:00:00,-51,11,1,0,1,1,1,0,0,0,1,-96,0,11,2,451724503,0,44,0,104,0,"[-12, 8, -12, 9, -12, 10, -12, 10, -12, 9, -12, 9, -12, 9, -12, 9, -11, 9, -11, 9, -11, 10, -10, 11, -11, 10, -11, 10, -11, 10, -10, 11, -9, 11, -9, 10, -9, 10, -10, 10, -10, 11, -10, 11, -9, 11, -9, 12, -9, 13, -10, 13, -8, 13, -8, 14, -8, 14, -7, 14, -8, 13, -8, 14, -9, 14, -9, 13, -8, 14, -9, 15, -9, 15, -9, 14, -9, 14, -9, 14, -10, 15, -10, 16, -10, 16, -10, 14, -11, 14, -11, 13, -11, 13, -12, 12, -12, 12, -12, 12, -12, 11, -12, 11]"
CSI_DATA,43847,2024-04-02 16:47:14.679,1,static,1a:00:00:00:00:00,-51,11,1,0,1,1,1,0,0,0,1,-96,0,11,2,451730511,0,44,0,104,0,"[-3, -17, -3, -17, -4, -17, -4, -17, -4, -17, -3, -17, -3, -17, -3, -16, -4, -16, -5, -16, -6, -16, -6, -16, -6, -16, -5, -16, -5, -16, -7, -16, -7, -15, -7, -15, -6, -15, -6, -15, -6, -16, -6, -15, -7, -15, -9, -15, -10, -16, -10, -17, -10, -14, -11, -15, -12, -15, -12, -15, -11, -15, -10, -16, -10, -16, -10, -16, -10, -16, -11, -16, -12, -16, -12, -16, -11, -16, -11, -16, -12, -17, -12, -17, -12, -17, -11, -18, -10, -18, -9, -18, -8, -18, -8, -18, -8, -18, -8, -18, -8, -17, -7, -17]"
CSI_DATA,43848,2024-04-02 16:47:14.691,1,static,1a:00:00:00:00:00,-51,11,1,0,1,1,1,0,0,0,1,-96,0,11,2,451742803,0,44,0,104,0,"[-1, -15, -2, -15, -3, -15, -3, -15, -2, -15, -2, -15, -2, -15, -2, -15, -2, -14, -3, -14, -4, -14, -5, -15, -5, -15, -4, -15, -4, -15, -5, -15, -5, -14, -5, -13, -5, -14, -4, -14, -4, -15, -5, -14, -5, -14, -7, -14, -8, -15, -8, -16, -8, -14, -9, -15, -9, -15, -9, -14, -8, -14, -8, -15, -8, -15, -8, -15, -8, -15, -9, -15, -9, -16, -9, -15, -9, -15, -9, -16, -9, -16, -10, -17, -10, -17, -8, -17, -7, -17, -6, -17, -6, -17, -5, -16, -6, -16, -6, -17, -6, -16, -5, -16]"
CSI_DATA,43849,2024-04-02 16:47:14.698,1,static,1a:00:00:00:00:00,-51,11,1,0,1,1,1,0,0,0,1,-96,0,11,2,451749761,0,44,0,104,0,"[6, 13, 6, 13, 7, 12, 7, 13, 6, 13, 6, 12, 5, 12, 5, 13, 5, 12, 7, 12, 9, 11, 9, 11, 9, 11, 8, 11, 7, 11, 8, 11, 8, 10, 8, 10, 7, 10, 7, 11, 7, 12, 7, 12, 8, 11, 10, 10, 11, 10, 10, 11, 10, 10, 11, 11, 11, 10, 11, 10, 10, 11, 10, 12, 10, 12, 9, 12, 10, 12, 11, 11, 12, 11, 12, 11, 11, 11, 11, 12, 11, 13, 12, 13, 11, 13, 10, 14, 8, 15, 8, 15, 7, 15, 7, 15, 8, 14, 9, 14, 8, 14, 7, 13]"
CSI_DATA,43850,2024-04-02 16:47:14.709,1,static,1a:00:00:00:00:00,-51,11,1,0,1,1,1,0,0,0,1,-96,0,11,2,451760331,0,44,0,104,0,"[2, -17, 1, -17, 0, -17, 1, -18, 1, -17, 1, -17, 1, -17, 1, -16, 1, -16, 0, -16, -1, -17, -2, -17, -2, -17, -1, -17, -1, -17, -2, -17, -3, -16, -3, -15, -3, -15, -2, -16, -2, -17, -2, -16, -3, -16, -4, -17, -5, -18, -5, -18, -6, -17, -7, -18, -7, -18, -7, -17, -6, -17, -6, -17, -6, -18, -6, -18, -6, -18, -7, -18, -7, -19, -6, -19, -6, -19, -6, -19, -7, -20, -7, -20, -7, -20, -6, -20, -5, -20, -4, -19, -3, -19, -3, -19, -3, -19, -3, -19, -2, -19, -2, -18]"
CSI_DATA,43851,2024-04-02 16:47:14.718,1,static,1a:00:00:00:00:00,-51,11,1,0,1,1,1,0,0,0,1,-96,0,11,2,451769687,0,44,0,104,0,"[-6, -16, -6, -16, -7, -16, -7, -16, -7, -16, -7, -16, -6, -16, -6, -15, -6, -15, -7, -14, -9, -15, -9, -15, -9, -15, -8, -15, -8, -15, -10, -15, -10, -14, -9, -13, -9, -13, -9, -14, -9, -14, -9, -14, -10, -13, -11, -13, -12, -13, -13, -15, -13, -12, -14, -13, -14, -12, -14, -12, -14, -13, -13, -13, -13, -13, -13, -13, -13, -13, -14, -13, -15, -14, -15, -13, -14, -13, -14, -14, -15, -14, -16, -15, -15, -15, -14, -16, -13, -16, -12, -16, -12, -16, -11, -16, -11, -16, -12, -16, -11, -16, -10, -16]"
CSI_DATA,43852,2024-04-02 16:47:14.728,1,static,1a:00:00:00:00:00,-51,11,1,0,1,1,1,0,0,0,1,-96,0,11,2,451779634,0,44,0,104,0,"[-6, 13, -5, 14, -4, 14, -4, 14, -5, 14, -5, 13, -5, 13, -5, 13, -5, 13, -4, 13, -3, 14, -3, 14, -3, 14, -4, 14, -4, 14, -2, 14, -2, 14, -2, 13, -2, 13, -3, 13, -3, 14, -3, 14, -2, 13, -1, 14, -1, 15, -1, 16, 1, 15, 1, 16, 1, 15, 1, 15, 0, 15, 0, 16, 0, 16, 0, 16, 0, 16, 0, 16, 0, 17, 0, 16, 0, 16, 0, 17, 0, 17, 0, 18, 0, 18, -1, 17, -2, 17, -3, 17, -3, 16, -4, 16, -4, 16, -4, 16, -4, 16, -4, 15]"
CSI_DATA,43853,2024-04-02 16:47:14.738,1,static,1a:00:00:00:00:00,-51,11,1,0,1,1,1,0,0,0,1,-96,0,11,2,451789629,0,44,0,104,0,"[10, -8, 10, -9, 10, -9, 10, -10, 10, -9, 9, -9, 9, -8, 9, -8, 9, -8, 9, -9, 9, -10, 8, -10, 9, -10, 9, -10, 9, -10, 8, -11, 7, -11, 7, -10, 7, -10, 8, -10, 8, -10, 8, -10, 7, -10, 7, -11, 7, -12, 8, -12, 6, -13, 6, -14, 6, -14, 5, -13, 6, -13, 6, -13, 7, -13, 7, -13, 6, -13, 7, -14, 7, -14, 7, -14, 7, -14, 7, -14, 7, -14, 7, -15, 7, -15, 8, -14, 8, -13, 9, -13, 9, -12, 9, -12, 10, -13, 10, -12, 9, -11, 9, -11]"
CSI_DATA,43854,2024-04-02 16:47:14.748,1,static,1a:00:00:00:00:00,-51,11,1,0,1,1,1,0,0,0,1,-96,0,11,2,451799618,0,44,0,104,0,"[-1, -19, -2, -19, -3, -19, -2, -20, -2, -20, -2, -18, -1, -18, -1, -18, -2, -17, -3, -17, -5, -18, -5, -18, -5, -19, -5, -20, -5, -19, -6, -19, -7, -17, -6, -16, -6, -16, -6, -17, -6, -17, -6, -17, -7, -17, -9, -17, -9, -18, -9, -20, -13, -17, -12, -18, -13, -17, -12, -16, -12, -17, -12, -17, -11, -17, -11, -17, -12, -17, -12, -17, -13, -18, -12, -18, -13, -18, -13, -18, -13, -19, -14, -19, -14, -19, -12, -19, -11, -20, -11, -19, -10, -19, -10, -19, -10, -19, -10, -19, -9, -19, -9, -18]"
CSI_DATA,43855,2024-04-02 16:47:14.758,1,static,1a:00:00:00:00:00,-51,11,1,0,1,1,1,0,0,0,1,-96,0,11,2,451809624,0,44,0,104,0,"[-14, 10, -13, 10, -13, 11, -13, 11, -13, 10, -13, 10, -13, 9, -13, 9, -13, 10, -12, 10, -12, 11, -11, 12, -12, 12, -12, 12, -12, 11, -11, 12, -10, 12, -10, 11, -10, 11, -11, 11, -11, 12, -11, 12, -10, 12, -9, 13, -10, 15, -10, 15, -8, 15, -8, 16, -8, 16, -8, 15, -9, 15, -9, 15, -9, 15, -9, 15, -9, 15, -9, 16, -9, 17, -9, 16, -9, 16, -10, 17, -10, 17, -10, 18, -10, 17, -11, 16, -11, 15, -12, 15, -12, 14, -13, 14, -13, 14, -13, 14, -12, 13, -12, 13]"
CSI_DATA,43856,2024-04-02 16:47:14.768,1,static,1a:00:00:00:00:00,-51,11,1,0,1,1,1,0,0,0,1,-96,0,11,2,451819743,0,44,0,104,0,"[-11, -13, -12, -13, -13, -12, -13, -12, -12, -13, -12, -12, -11, -12, -11, -12, -12, -12, -12, -11, -13, -10, -14, -10, -14, -11, -13, -11, -13, -11, -14, -10, -14, -9, -13, -9, -13, -9, -13, -10, -13, -10, -14, -10, -14, -9, -15, -8, -16, -9, -17, -9, -16, -7, -17, -7, -18, -7, -17, -7, -16, -7, -17, -8, -17, -8, -17, -8, -17, -8, -18, -8, -18, -8, -18, -8, -17, -8, -18, -9, -19, -9, -19, -9, -19, -9, -18, -10, -17, -11, -17, -11, -16, -11, -16, -11, -16, -11, -16, -11, -15, -12, -14, -12]"
CSI_DATA,43857,2024-04-02 16:47:14.784,1,static,1a:00:00:00:00:00,-51,11,1,0,1,1,1,0,0,0,1,-96,0,11,2,451832915,0,44,0,104,0,"[14, -4, 14, -4, 14, -5, 15, -5, 14, -5, 14, -4, 13, -4, 13, -4, 13, -5, 13, -5, 13, -6, 13, -7, 13, -7, 13, -6, 13, -6, 13, -7, 12, -8, 12, -7, 12, -7, 12, -7, 13, -7, 12, -7, 12, -7, 12, -9, 12, -10, 13, -10, 11, -11, 12, -11, 12, -12, 11, -11, 12, -11, 12, -11, 12, -11, 12, -11, 12, -11, 12, -12, 13, -12, 13, -11, 13, -11, 13, -12, 13, -12, 14, -12, 14, -12, 14, -11, 14, -11, 14, -10, 14, -9, 14, -9, 14, -9, 15, -9, 14, -8, 14, -7]"
CSI_DATA,43858,2024-04-02 16:47:14.793,1,static,1a:00:00:00:00:00,-51,11,1,0,1,1,1,0,0,0,1,-96,0,11,2,451844492,0,44,0,104,0,"[6, 15, 7, 15, 8, 14, 8, 14, 7, 15, 7, 14, 6, 14, 6, 14, 6, 13, 7, 13, 8, 13, 9, 13, 9, 13, 8, 13, 9, 13, 10, 13, 10, 12, 9, 11, 9, 12, 9, 12, 9, 13, 9, 12, 9, 12, 11, 11, 12, 12, 12, 13, 12, 10, 13, 11, 14, 11, 14, 10, 13, 11, 13, 11, 13, 11, 13, 11, 13, 11, 14, 12, 14, 12, 14, 12, 14, 11, 14, 12, 15, 13, 15, 13, 15, 13, 14, 14, 13, 15, 12, 14, 11, 14, 11, 14, 11, 14, 11, 15, 11, 15, 10, 14]"
CSI_DATA,43859,2024-04-02 16:47:14.798,1,static,1a:00:00:00:00:00,-51,11,1,0,1,1,1,0,0,0,1,-96,0,11,2,451849706,0,44,0,104,0,"[-5, 15, -5, 16, -4, 16, -4, 16, -5, 16, -5, 16, -5, 15, -5, 16, -5, 15, -4, 15, -3, 16, -2, 16, -2, 16, -3, 16, -3, 16, -2, 16, -1, 15, -1, 15, -1, 15, -2, 15, -2, 16, -2, 15, -1, 15, 0, 16, 1, 17, 0, 18, 2, 16, 2, 17, 2, 17, 3, 17, 2, 17, 1, 18, 1, 18, 1, 18, 1, 17, 2, 18, 2, 19, 2, 18, 2, 18, 2, 19, 2, 19, 2, 20, 2, 20, 1, 20, 0, 19, -1, 19, -2, 18, -2, 18, -2, 18, -2, 19, -2, 18, -3, 17]"
CSI_DATA,43860,2024-04-02 16:47:14.812,1,static,1a:00:00:00:00:00,-51,11,1,0,1,1,1,0,0,0,1,-96,0,11,2,451863555,0,44,0,104,0,"[15, 4, 16, 4, 16, 3, 16, 3, 16, 3, 15, 4, 15, 4, 15, 4, 14, 3, 14, 2, 15, 2, 16, 1, 16, 1, 16, 2, 16, 2, 16, 0, 16, 0, 15, 0, 15, 0, 15, 1, 16, 1, 15, 1, 15, 0, 16, -1, 17, -2, 18, -1, 17, -3, 18, -4, 17, -4, 17, -4, 17, -3, 18, -3, 18, -2, 17, -2, 17, -3, 18, -3, 19, -3, 18, -3, 18, -3, 19, -3, 20, -3, 20, -4, 20, -3, 19, -1, 19, 0, 19, 0, 19, 1, 18, 1, 19, 1, 19, 1, 18, 2, 17, 2]"
CSI_DATA,43861,2024-04-02 16:47:14.818,1,static,1a:00:00:00:00:00,-51,11,1,0,1,1,1,0,0,0,1,-96,0,11,2,451869624,0,44,0,104,0,"[-8, -14, -8, -13, -9, -12, -10, -13, -9, -13, -9, -13, -9, -13, -9, -12, -9, -12, -9, -12, -10, -12, -11, -11, -11, -12, -10, -12, -10, -12, -11, -11, -12, -10, -11, -10, -11, -9, -11, -10, -11, -10, -11, -10, -11, -10, -12, -9, -13, -10, -14, -11, -14, -8, -15, -9, -15, -8, -15, -8, -14, -8, -14, -9, -14, -9, -14, -9, -14, -9, -15, -9, -15, -10, -15, -9, -15, -9, -16, -9, -16, -10, -17, -10, -16, -10, -15, -10, -15, -11, -14, -11, -14, -11, -14, -12, -13, -12, -13, -12, -12, -12, -12, -12]"
CSI_DATA,43862,2024-04-02 16:47:14.828,1,static,1a:00:00:00:00:00,-51,11,1,0,1,1,1,0,0,0,1,-96,0,11,2,451879625,0,44,0,104,0,"[-14, 5, -14, 5, -14, 6, -14, 6, -14, 6, -14, 5, -14, 5, -14, 5, -13, 5, -13, 6, -13, 7, -13, 7, -13, 7, -13, 7, -13, 7, -13, 8, -12, 8, -12, 8, -12, 8, -13, 7, -13, 7, -12, 8, -12, 8, -11, 9, -12, 10, -13, 10, -11, 10, -12, 11, -11, 12, -11, 11, -11, 11, -12, 11, -12, 11, -12, 11, -12, 11, -12, 12, -13, 12, -12, 12, -12, 11, -13, 12, -13, 12, -13, 13, -14, 12, -14, 11, -14, 11, -14, 10, -14, 10, -14, 9, -15, 9, -15, 9, -14, 8, -14, 8]"
CSI_DATA,43863,2024-04-02 16:47:14.842,1,static,1a:00:00:00:00:00,-50,11,1,0,1,1,1,0,0,0,1,-96,0,11,2,451892034,0,44,0,104,0,"[11, 5, 11, 4, 12, 4, 12, 4, 12, 4, 11, 4, 11, 4, 11, 4, 10, 4, 11, 3, 11, 3, 12, 2, 12, 3, 11, 3, 12, 3, 12, 3, 12, 2, 11, 2, 11, 2, 11, 2, 12, 3, 11, 2, 11, 2, 12, 1, 13, 1, 13, 1, 13, 0, 13, 0, 13, 0, 13, 0, 13, 0, 13, 0, 13, 0, 13, 1, 13, 0, 13, 0, 14, 0, 14, 1, 14, 1, 14, 1, 15, 1, 15, 1, 15, 1, 15, 2, 14, 3, 13, 3, 13, 3, 13, 3, 13, 3, 13, 4, 13, 4, 12, 4]"
CSI_DATA,43864,2024-04-02 16:47:14.848,1,static,1a:00:00:00:00:00,-51,11,1,0,1,1,1,0,0,0,1,-96,0,11,2,451899632,0,44,0,104,0,"[5, -14, 5, -14, 4, -15, 4, -15, 5, -15, 4, -14, 4, -14, 4, -14, 4, -14, 4, -14, 3, -15, 2, -15, 3, -15, 3, -15, 3, -15, 2, -15, 1, -15, 1, -14, 1, -14, 2, -14, 2, -15, 2, -15, 1, -15, 0, -15, 0, -16, 0, -17, -2, -16, -2, -17, -2, -17, -2, -16, -2, -16, -1, -16, -1, -17, -1, -16, -2, -16, -1, -17, -1, -18, -1, -18, -1, -18, -1, -18, -1, -19, -1, -19, -1, -19, 0, -18, 1, -18, 1, -18, 2, -17, 2, -17, 2, -18, 2, -17, 3, -17, 3, -16]"
CSI_DATA,43865,2024-04-02 16:47:14.858,1,static,1a:00:00:00:00:00,-51,11,1,0,1,1,1,0,0,0,1,-96,0,11,2,451909624,0,44,0,104,0,"[-15, -9, -15, -9, -15, -8, -16, -8, -15, -9, -15, -9, -15, -9, -14, -8, -14, -8, -15, -7, -16, -6, -16, -6, -16, -6, -16, -7, -16, -7, -16, -6, -16, -5, -15, -5, -15, -5, -16, -5, -16, -6, -16, -5, -16, -4, -17, -3, -18, -3, -19, -4, -17, -2, -18, -2, -19, -1, -18, -1, -18, -2, -19, -2, -19, -2, -18, -2, -18, -2, -19, -2, -20, -2, -19, -2, -19, -2, -20, -2, -20, -2, -21, -2, -21, -2, -20, -3, -20, -4, -19, -5, -19, -5, -18, -5, -19, -5, -19, -5, -18, -6, -17, -6]"
CSI_DATA,43866,2024-04-02 16:47:14.871,1,static,1a:00:00:00:00:00,-51,11,1,0,1,1,1,0,0,0,1,-96,0,11,2,451922184,0,44,0,104,0,"[-12, -6, -12, -6, -13, -5, -13, -5, -13, -6, -13, -5, -13, -5, -12, -5, -12, -5, -12, -4, -13, -4, -13, -3, -13, -4, -13, -4, -13, -4, -13, -3, -13, -3, -13, -3, -13, -3, -13, -3, -13, -3, -13, -3, -13, -2, -13, -1, -15, -1, -15, -1, -14, 0, -15, 0, -15, 0, -14, 0, -15, 0, -15, 0, -15, 0, -15, 0, -15, 0, -15, 0, -16, 0, -15, 0, -15, 0, -16, -1, -17, -1, -17, 0, -17, -1, -17, -1, -16, -2, -16, -3, -15, -3, -15, -3, -15, -3, -15, -3, -15, -4, -14, -4]"
CSI_DATA,43867,2024-04-02 16:47:14.878,1,static,1a:00:00:00:00:00,-51,11,1,0,1,1,1,0,0,0,1,-96,0,11,2,451929631,0,44,0,104,0,"[-5, 14, -4, 14, -3, 14, -3, 15, -4, 14, -4, 14, -4, 14, -4, 14, -4, 14, -3, 14, -2, 14, -2, 14, -2, 14, -3, 14, -2, 14, -1, 14, 0, 14, 0, 13, -1, 13, -1, 14, -1, 14, -1, 14, -1, 14, 0, 14, 1, 15, 0, 16, 2, 14, 2, 15, 3, 15, 3, 15, 2, 15, 2, 15, 2, 16, 2, 15, 2, 16, 3, 17, 2, 17, 2, 16, 2, 16, 2, 16, 3, 17, 3, 18, 2, 18, 1, 17, 1, 17, 0, 17, 0, 17, -1, 17, -1, 17, -2, 17, -2, 16, -2, 15]"
CSI_DATA,43868,2024-04-02 16:47:14.888,1,static,1a:00:00:00:00:00,-51,11,1,0,1,1,1,0,0,0,1,-96,0,11,2,451939628,0,44,0,104,0,"[6, 14, 7, 14, 8, 14, 8, 14, 7, 14, 7, 14, 7, 14, 7, 13, 7, 13, 8, 13, 9, 13, 9, 13, 9, 13, 9, 13, 9, 13, 10, 12, 10, 11, 9, 11, 9, 11, 10, 12, 10, 12, 10, 12, 10, 11, 11, 11, 13, 11, 13, 12, 13, 10, 14, 10, 14, 10, 14, 9, 14, 10, 14, 11, 14, 11, 13, 11, 14, 10, 14, 10, 15, 11, 14, 11, 14, 11, 15, 11, 15, 12, 16, 12, 15, 12, 15, 13, 14, 13, 13, 13, 13, 13, 12, 13, 12, 13, 12, 13, 12, 13, 11, 13]"
CSI_DATA,43869,2024-04-02 16:47:14.898,1,static,1a:00:00:00:00:00,-51,11,1,0,1,1,1,0,0,0,1,-96,0,11,2,451949620,0,44,0,104,0,"[12, 0, 13, 0, 13, -1, 13, -1, 13, -1, 12, 0, 12, 0, 12, 0, 12, 0, 12, -1, 12, -2, 12, -2, 13, -2, 13, -2, 12, -2, 12, -3, 12, -3, 11, -3, 11, -3, 12, -3, 12, -3, 12, -3, 12, -3, 12, -4, 13, -5, 13, -5, 12, -6, 13, -6, 13, -7, 12, -6, 12, -6, 13, -6, 13, -6, 13, -5, 13, -6, 14, -6, 14, -6, 14, -6, 13, -6, 14, -6, 14, -6, 15, -7, 15, -6, 15, -5, 15, -4, 14, -4, 14, -3, 15, -3, 15, -3, 15, -3, 14, -2, 13, -2]"
CSI_DATA,43870,2024-04-02 16:47:14.908,1,static,1a:00:00:00:00:00,-51,11,1,0,1,1,1,0,0,0,1,-96,0,11,2,451959598,0,44,0,104,0,"[16, 0, 16, -1, 16, -2, 16, -2, 16, -1, 16, -1, 15, -1, 15, -1, 15, -1, 15, -2, 15, -3, 15, -4, 16, -4, 16, -3, 16, -3, 15, -4, 15, -4, 14, -4, 14, -4, 15, -4, 15, -4, 15, -4, 15, -5, 15, -6, 16, -7, 17, -7, 15, -8, 16, -9, 16, -9, 15, -9, 15, -8, 16, -8, 16, -8, 16, -8, 16, -8, 16, -9, 17, -9, 17, -9, 16, -9, 17, -9, 18, -9, 18, -9, 18, -9, 18, -8, 18, -7, 18, -6, 18, -6, 18, -6, 18, -6, 18, -6, 17, -5, 17, -4]"
CSI_DATA,43871,2024-04-02 16:47:14.918,1,static,1a:00:00:00:00:00,-51,11,1,0,1,1,1,0,0,0,1,-96,0,11,2,451969606,0,44,0,104,0,"[-6, -14, -7, -14, -7, -14, -7, -14, -7, -14, -7, -14, -7, -14, -7, -14, -7, -13, -7, -13, -8, -13, -9, -13, -9, -13, -8, -13, -8, -13, -9, -12, -9, -12, -9, -12, -9, -12, -9, -12, -9, -12, -9, -12, -9, -11, -11, -11, -12, -12, -12, -13, -12, -11, -13, -11, -13, -11, -13, -11, -13, -11, -13, -12, -12, -12, -12, -12, -12, -12, -13, -12, -13, -12, -13, -12, -13, -12, -13, -13, -14, -13, -14, -13, -14, -13, -13, -14, -12, -15, -11, -14, -11, -14, -10, -14, -10, -14, -10, -15, -10, -15, -9, -14]"
CSI_DATA,43872,2024-04-02 16:47:14.928,1,static,1a:00:00:00:00:00,-51,11,1,0,1,1,1,0,0,0,1,-96,0,11,2,451979616,0,44,0,104,0,"[-3, 14, -2, 14, -1, 15, -1, 15, -2, 14, -2, 14, -2, 14, -2, 14, -2, 14, -1, 14, 0, 14, 1, 14, 0, 14, 0, 14, 0, 14, 1, 14, 2, 14, 2, 13, 1, 13, 1, 14, 1, 14, 1, 14, 2, 14, 3, 14, 4, 15, 3, 15, 5, 14, 5, 15, 5, 15, 5, 14, 4, 14, 4, 15, 4, 15, 4, 15, 5, 15, 5, 16, 5, 16, 5, 16, 5, 15, 5, 16, 5, 16, 6, 17, 5, 17, 4, 17, 3, 16, 3, 16, 2, 16, 2, 16, 2, 16, 2, 16, 1, 16, 1, 15]"
CSI_DATA,43873,2024-04-02 16:47:14.938,1,static,1a:00:00:00:00:00,-51,11,1,0,1,1,1,0,0,0,1,-96,0,11,2,451989776,0,44,0,104,0,"[-3, 14, -2, 14, -1, 15, -1, 15, -2, 15, -2, 14, -2, 14, -2, 14, -2, 13, -1, 13, -1, 14, 0, 14, -1, 14, -1, 14, -1, 14, 1, 14, 1, 14, 1, 13, 1, 13, 0, 14, 0, 14, 1, 14, 1, 13, 2, 14, 3, 15, 2, 16, 4, 14, 4, 15, 5, 15, 5, 14, 4, 15, 4, 15, 4, 15, 4, 15, 4, 15, 4, 15, 4, 16, 4, 16, 4, 15, 4, 16, 4, 17, 5, 17, 4, 17, 3, 17, 3, 17, 2, 17, 2, 16, 1, 16, 1, 16, 1, 17, 0, 16, 0, 15]"
CSI_DATA,43874,2024-04-02 16:47:14.950,1,static,1a:00:00:00:00:00,-51,11,1,0,1,1,1,0,0,0,1,-96,0,11,2,452001831,0,44,0,104,0,"[-1, -15, -2, -15, -3, -15, -3, -16, -2, -15, -2, -15, -2, -15, -1, -15, -2, -14, -3, -14, -4, -15, -5, -15, -5, -15, -4, -15, -4, -15, -5, -15, -5, -14, -5, -14, -5, -14, -4, -14, -5, -14, -5, -14, -5, -14, -7, -14, -8, -15, -8, -15, -8, -14, -9, -15, -9, -14, -9, -14, -8, -14, -8, -15, -8, -15, -8, -15, -8, -14, -9, -15, -9, -16, -9, -15, -9, -15, -9, -16, -9, -17, -10, -17, -9, -17, -8, -17, -7, -17, -6, -17, -6, -17, -5, -17, -6, -17, -6, -17, -5, -16, -5, -16]"
CSI_DATA,43875,2024-04-02 16:47:14.958,1,static,1a:00:00:00:00:00,-51,11,1,0,1,1,1,0,0,0,1,-96,0,11,2,452009612,0,44,0,104,0,"[10, 12, 11, 12, 12, 11, 12, 11, 11, 12, 11, 11, 10, 11, 10, 11, 11, 11, 11, 10, 12, 10, 12, 10, 13, 10, 12, 10, 12, 10, 13, 9, 13, 8, 12, 8, 12, 7, 12, 8, 13, 9, 13, 9, 13, 8, 14, 7, 15, 7, 16, 8, 16, 6, 17, 6, 17, 5, 16, 5, 16, 6, 16, 6, 16, 6, 16, 7, 16, 6, 17, 6, 17, 7, 17, 7, 17, 7, 17, 7, 18, 7, 19, 7, 19, 7, 17, 8, 17, 9, 16, 9, 16, 9, 16, 9, 16, 10, 16, 10, 14, 10, 14, 10]"
CSI_DATA,43876,2024-04-02 16:47:14.973,1,static,1a:00:00:00:00:00,-51,11,1,0,1,1,1,0,0,0,1,-96,0,11,2,452019626,0,44,0,104,0,"[-1, -13, -1, -13, -2, -14, -2, -14, -2, -13, -2, -13, -2, -13, -2, -13, -1, -12, -2, -12, -3, -13, -4, -13, -4, -14, -4, -14, -3, -13, -5, -13, -5, -12, -4, -12, -4, -12, -4, -12, -4, -13, -4, -12, -5, -12, -6, -12, -7, -13, -7, -14, -8, -12, -8, -13, -9, -12, -8, -12, -8, -12, -8, -13, -8, -13, -8, -13, -8, -13, -8, -13, -9, -14, -8, -13, -8, -13, -8, -13, -9, -14, -9, -14, -9, -14, -8, -14, -7, -15, -7, -15, -6, -14, -6, -14, -6, -14, -6, -14, -6, -14, -5, -14]"
CSI_DATA,43877,2024-04-02 16:47:14.978,1,static,1a:00:00:00:00:00,-51,11,1,0,1,1,1,0,0,0,1,-96,0,11,2,452029615,0,44,0,104,0,"[-2, -13, -2, -13, -3, -14, -3, -14, -2, -14, -2, -14, -2, -13, -2, -13, -2, -13, -3, -13, -4, -13, -4, -13, -4, -13, -4, -13, -4, -13, -5, -13, -5, -13, -5, -12, -5, -12, -4, -13, -4, -13, -4, -12, -5, -12, -6, -12, -7, -13, -7, -14, -8, -12, -8, -13, -8, -13, -8, -12, -8, -13, -7, -13, -7, -13, -7, -13, -7, -13, -8, -14, -8, -14, -8, -13, -8, -13, -8, -14, -8, -14, -9, -15, -8, -15, -8, -15, -7, -15, -6, -15, -6, -15, -5, -14, -5, -15, -5, -15, -5, -14, -4, -14]"
CSI_DATA,43878,2024-04-02 16:47:14.988,1,static,1a:00:00:00:00:00,-51,11,1,0,1,1,1,0,0,0,1,-96,0,11,2,452039613,0,44,0,104,0,"[13, -10, 12, -11, 12, -12, 12, -13, 12, -12, 12, -11, 11, -11, 11, -11, 11, -11, 11, -11, 11, -12, 10, -13, 11, -13, 11, -12, 11, -12, 10, -13, 9, -13, 9, -12, 9, -12, 10, -12, 10, -13, 9, -13, 9, -13, 9, -14, 9, -15, 10, -16, 7, -16, 8, -17, 7, -17, 7, -16, 8, -16, 8, -16, 8, -16, 8, -16, 8, -16, 9, -17, 9, -17, 9, -17, 9, -17, 9, -17, 10, -18, 10, -18, 10, -18, 11, -17, 11, -16, 11, -15, 12, -15, 12, -15, 13, -15, 13, -15, 12, -13, 12, -13]"
CSI_DATA,43879,2024-04-02 16:47:14.999,1,static,1a:00:00:00:00:00,-51,11,1,0,1,1,1,0,0,0,1,-96,0,11,2,452050012,0,44,0,104,0,"[12, 1, 13, 1, 13, 0, 13, 0, 13, 1, 13, 1, 12, 1, 12, 1, 12, 1, 12, 0, 12, -1, 13, -1, 13, -1, 13, -1, 13, -1, 13, -2, 12, -2, 11, -2, 12, -2, 12, -2, 12, -1, 12, -2, 12, -2, 12, -3, 13, -4, 14, -4, 12, -5, 13, -5, 13, -6, 13, -6, 13, -5, 13, -5, 13, -5, 13, -4, 13, -5, 14, -5, 14, -5, 14, -5, 14, -5, 14, -5, 15, -5, 15, -5, 15, -5, 15, -4, 15, -3, 15, -3, 14, -2, 14, -2, 14, -2, 15, -2, 14, -2, 13, -1]"
CSI_DATA,43880,2024-04-02 16:47:15.011,1,static,1a:00:00:00:00:00,-51,11,1,0,1,1,1,0,0,0,1,-96,0,11,2,452059842,0,44,0,104,0,"[16, 1, 16, 0, 16, -1, 17, -1, 16, 0, 15, 0, 15, 0, 15, 0, 15, 0, 15, -1, 16, -2, 16, -3, 16, -3, 16, -2, 16, -2, 16, -3, 15, -4, 14, -3, 14, -3, 15, -3, 15, -3, 15, -3, 15, -4, 15, -5, 16, -6, 17, -6, 15, -7, 16, -8, 16, -8, 15, -8, 16, -7, 16, -7, 16, -7, 16, -7, 16, -7, 17, -7, 18, -8, 17, -7, 17, -7, 18, -8, 18, -8, 18, -8, 19, -7, 19, -6, 18, -5, 18, -5, 18, -4, 18, -4, 18, -4, 18, -4, 18, -3, 17, -2]"
CSI_DATA,43881,2024-04-02 16:47:15.018,1,static,1a:00:00:00:00:00,-51,11,1,0,1,1,1,0,0,0,1,-96,0,11,2,452069603,0,44,0,104,0,"[-1, -15, -1, -15, -2, -15, -2, -16, -2, -15, -2, -15, -1, -15, -1, -15, -2, -15, -3, -14, -3, -15, -4, -15, -4, -15, -3, -15, -3, -15, -4, -15, -5, -15, -5, -14, -5, -13, -4, -14, -4, -15, -4, -14, -5, -14, -6, -14, -7, -15, -7, -16, -8, -14, -9, -15, -9, -15, -9, -14, -8, -14, -8, -14, -8, -15, -8, -15, -8, -15, -9, -15, -9, -16, -9, -15, -9, -15, -9, -16, -9, -16, -10, -17, -10, -17, -8, -17, -7, -17, -7, -17, -6, -17, -6, -16, -6, -16, -6, -17, -6, -16, -5, -16]"
CSI_DATA,43882,2024-04-02 16:47:15.029,1,static,1a:00:00:00:00:00,-51,11,1,0,1,1,1,0,0,0,1,-96,0,11,2,452079989,0,44,0,104,0,"[10, -10, 10, -11, 9, -12, 10, -12, 10, -11, 10, -11, 9, -11, 9, -11, 9, -11, 8, -11, 8, -12, 8, -13, 8, -13, 9, -12, 8, -12, 8, -13, 7, -13, 6, -12, 6, -12, 7, -13, 7, -13, 7, -13, 7, -13, 6, -14, 6, -15, 7, -15, 4, -15, 5, -16, 4, -16, 4, -16, 5, -15, 5, -16, 5, -16, 5, -16, 5, -16, 5, -16, 6, -17, 6, -16, 6, -16, 6, -17, 6, -17, 6, -18, 6, -18, 7, -17, 7, -16, 7, -16, 8, -16, 8, -15, 8, -15, 9, -15, 8, -14, 9, -13]"
CSI_DATA,43883,2024-04-02 16:47:15.038,1,static,1a:00:00:00:00:00,-51,11,1,0,1,1,1,0,0,0,1,-96,0,11,2,452089629,0,44,0,104,0,"[-11, 8, -10, 8, -10, 9, -10, 9, -10, 8, -10, 8, -10, 8, -10, 8, -10, 8, -9, 9, -9, 9, -9, 10, -9, 10, -9, 9, -9, 9, -8, 10, -7, 10, -7, 9, -7, 9, -8, 10, -8, 10, -8, 10, -8, 10, -7, 11, -7, 12, -8, 12, -6, 12, -6, 13, -6, 13, -5, 13, -6, 12, -6, 13, -6, 13, -6, 13, -6, 13, -6, 13, -7, 14, -7, 13, -7, 13, -7, 14, -7, 14, -7, 15, -7, 14, -8, 13, -8, 13, -8, 12, -9, 12, -9, 12, -9, 12, -9, 12, -9, 11, -9, 11]"
CSI_DATA,43884,2024-04-02 16:47:15.048,1,static,1a:00:00:00:00:00,-51,11,1,0,1,1,1,0,0,0,1,-96,0,11,2,452099602,0,44,0,104,0,"[-1, -15, -2, -16, -3, -16, -3, -16, -2, -16, -2, -15, -2, -15, -2, -15, -2, -14, -3, -14, -4, -15, -5, -15, -5, -15, -4, -15, -4, -15, -5, -15, -6, -14, -5, -13, -5, -13, -5, -14, -5, -15, -5, -14, -5, -14, -7, -14, -8, -15, -8, -16, -9, -13, -9, -14, -10, -14, -10, -13, -9, -14, -9, -14, -9, -14, -9, -14, -9, -14, -9, -15, -10, -15, -9, -15, -10, -15, -10, -15, -10, -16, -11, -16, -10, -16, -9, -16, -8, -16, -8, -16, -7, -16, -7, -16, -7, -16, -7, -17, -6, -16, -6, -16]"
CSI_DATA,43885,2024-04-02 16:47:15.058,1,static,1a:00:00:00:00:00,-51,11,1,0,1,1,1,0,0,0,1,-96,0,11,2,452109598,0,44,0,104,0,"[13, -7, 13, -8, 12, -9, 13, -9, 13, -8, 13, -8, 12, -8, 12, -7, 11, -8, 11, -8, 11, -9, 11, -10, 11, -10, 11, -9, 11, -9, 11, -10, 10, -10, 10, -10, 10, -10, 11, -10, 11, -10, 10, -10, 10, -10, 9, -11, 10, -13, 11, -13, 8, -13, 9, -14, 9, -14, 9, -14, 9, -14, 10, -14, 10, -13, 10, -13, 9, -13, 9, -14, 10, -14, 10, -14, 10, -14, 10, -14, 11, -15, 11, -15, 11, -15, 12, -14, 12, -13, 12, -12, 12, -12, 12, -12, 12, -12, 13, -12, 12, -11, 12, -10]"
CSI_DATA,43886,2024-04-02 16:47:15.068,1,static,1a:00:00:00:00:00,-51,11,1,0,1,1,1,0,0,0,1,-96,0,11,2,452119608,0,44,0,104,0,"[12, -5, 11, -6, 11, -7, 12, -7, 12, -6, 11, -6, 11, -5, 11, -5, 11, -6, 11, -6, 11, -7, 11, -8, 11, -7, 11, -7, 11, -7, 10, -8, 10, -8, 9, -7, 9, -7, 10, -7, 10, -7, 10, -8, 10, -8, 10, -9, 10, -10, 11, -10, 9, -10, 10, -11, 9, -11, 9, -11, 10, -10, 10, -10, 10, -10, 10, -10, 10, -10, 10, -11, 11, -11, 11, -11, 11, -11, 11, -11, 11, -11, 12, -12, 12, -11, 12, -10, 12, -9, 12, -8, 13, -8, 13, -8, 13, -8, 13, -8, 12, -7, 12, -7]"
CSI_DATA,43887,2024-04-02 16:47:15.078,1,static,1a:00:00:00:00:00,-51,11,1,0,1,1,1,0,0,0,1,-96,0,11,2,452129599,0,44,0,104,0,"[13, 6, 13, 6, 14, 5, 14, 5, 13, 5, 13, 5, 13, 5, 13, 5, 12, 5, 13, 4, 14, 4, 14, 3, 14, 3, 14, 4, 14, 3, 14, 2, 14, 2, 13, 2, 13, 2, 14, 2, 14, 2, 14, 2, 14, 2, 14, 1, 15, 0, 16, 1, 15, -2, 16, -2, 16, -2, 15, -2, 15, -1, 16, -1, 16, -1, 16, -1, 16, -2, 17, -2, 17, -1, 17, -1, 16, -1, 17, -2, 18, -2, 18, -2, 18, -1, 18, 0, 18, 0, 17, 0, 17, 1, 16, 1, 16, 2, 17, 2, 16, 2, 15, 3]"
CSI_DATA,43888,2024-04-02 16:47:15.091,1,static,1a:00:00:00:00:00,-51,11,1,0,1,1,1,0,0,0,1,-96,0,11,2,452142740,0,44,0,104,0,"[14, 7, 15, 6, 15, 5, 15, 6, 15, 6, 15, 6, 14, 6, 14, 6, 14, 6, 14, 5, 15, 4, 15, 4, 16, 4, 15, 4, 15, 4, 16, 3, 15, 3, 14, 3, 14, 2, 15, 3, 15, 3, 15, 3, 15, 2, 16, 1, 17, 0, 18, 1, 17, -1, 18, -1, 18, -1, 17, -1, 17, -1, 18, 0, 18, 0, 18, 0, 17, 0, 18, -1, 19, -1, 18, -1, 18, -1, 19, 0, 20, 0, 20, 0, 20, 0, 20, 1, 19, 2, 18, 2, 18, 3, 18, 3, 18, 3, 18, 3, 18, 4, 17, 4]"
CSI_DATA,43889,2024-04-02 16:47:15.101,1,static,1a:00:00:00:00:00,-51,11,1,0,1,1,1,0,0,0,1,-96,0,11,2,452152599,0,44,0,104,0,"[-14, -13, -15, -12, -15, -11, -16, -12, -15, -12, -15, -12, -15, -11, -15, -11, -15, -11, -15, -10, -16, -10, -17, -9, -17, -9, -16, -10, -16, -10, -17, -9, -17, -8, -16, -8, -16, -8, -16, -8, -17, -8, -17, -8, -17, -7, -18, -6, -19, -6, -20, -7, -19, -5, -20, -5, -21, -5, -20, -4, -20, -5, -20, -5, -20, -5, -20, -5, -20, -5, -21, -5, -22, -6, -21, -6, -21, -5, -21, -6, -22, -6, -23, -6, -23, -6, -22, -7, -21, -8, -21, -8, -20, -9, -20, -9, -20, -9, -20, -9, -19, -10, -18, -10]"
CSI_DATA,43890,2024-04-02 16:47:15.108,1,static,1a:00:00:00:00:00,-51,11,1,0,1,1,1,0,0,0,1,-96,0,11,2,452159601,0,44,0,104,0,"[8, -10, 8, -11, 7, -11, 8, -12, 8, -11, 8, -11, 7, -11, 7, -10, 7, -10, 6, -11, 6, -12, 6, -12, 6, -12, 6, -12, 6, -12, 5, -12, 4, -12, 4, -12, 4, -12, 5, -12, 5, -12, 5, -12, 4, -12, 3, -13, 3, -14, 4, -15, 2, -14, 2, -15, 2, -15, 1, -15, 2, -15, 2, -15, 3, -15, 2, -15, 2, -14, 2, -15, 2, -16, 2, -15, 2, -15, 2, -16, 2, -16, 2, -17, 2, -17, 3, -16, 4, -16, 4, -15, 4, -15, 5, -14, 5, -15, 5, -15, 5, -14, 5, -13]"
CSI_DATA,43891,2024-04-02 16:47:15.118,1,static,1a:00:00:00:00:00,-51,11,1,0,1,1,1,0,0,0,1,-96,0,11,2,452169609,0,44,0,104,0,"[-3, -15, -4, -15, -5, -15, -5, -15, -4, -15, -4, -15, -4, -14, -4, -14, -4, -14, -5, -14, -6, -14, -6, -14, -6, -14, -6, -14, -6, -14, -7, -14, -7, -13, -6, -13, -6, -13, -6, -13, -6, -14, -7, -14, -7, -13, -8, -13, -9, -14, -9, -15, -10, -13, -11, -13, -11, -13, -11, -13, -10, -13, -10, -13, -10, -13, -10, -13, -10, -13, -11, -14, -11, -14, -11, -14, -11, -14, -11, -15, -11, -15, -12, -15, -11, -15, -10, -15, -9, -16, -9, -16, -9, -16, -8, -16, -8, -16, -8, -16, -7, -16, -7, -15]"
CSI_DATA,43892,2024-04-02 16:47:15.128,1,static,1a:00:00:00:00:00,-51,11,1,0,1,1,1,0,0,0,1,-96,0,11,2,452179621,0,44,0,104,0,"[-16, 7, -15, 7, -15, 8, -15, 8, -15, 7, -15, 7, -14, 7, -15, 7, -14, 7, -14, 8, -14, 8, -14, 9, -14, 9, -14, 9, -14, 9, -14, 10, -13, 10, -12, 9, -12, 9, -13, 9, -13, 10, -13, 10, -13, 10, -12, 11, -13, 12, -14, 12, -11, 13, -12, 14, -12, 14, -11, 14, -12, 13, -12, 13, -12, 13, -12, 13, -12, 13, -13, 14, -13, 14, -13, 13, -13, 13, -13, 14, -14, 14, -14, 15, -14, 15, -15, 13, -15, 12, -15, 12, -15, 11, -16, 11, -16, 11, -16, 11, -16, 10, -15, 9]"
CSI_DATA,43893,2024-04-02 16:47:15.138,1,static,1a:00:00:00:00:00,-51,11,1,0,1,1,1,0,0,0,1,-96,0,11,2,452189612,0,44,0,104,0,"[-7, -16, -8, -16, -9, -15, -9, -16, -8, -16, -7, -15, -7, -15, -7, -15, -7, -14, -8, -14, -9, -14, -10, -14, -10, -14, -9, -15, -9, -15, -10, -14, -11, -13, -10, -13, -10, -13, -10, -13, -10, -14, -10, -13, -10, -13, -12, -12, -13, -13, -13, -14, -14, -12, -14, -12, -15, -12, -15, -12, -14, -12, -14, -13, -14, -13, -14, -13, -14, -13, -14, -13, -15, -13, -14, -13, -15, -13, -15, -14, -16, -14, -16, -14, -16, -14, -14, -15, -14, -16, -13, -16, -12, -16, -12, -15, -12, -16, -12, -16, -11, -16, -10, -15]"
CSI_DATA,43894,2024-04-02 16:47:15.148,1,static,1a:00:00:00:00:00,-51,11,1,0,1,1,1,0,0,0,1,-96,0,11,2,452199621,0,44,0,104,0,"[-9, 11, -9, 12, -8, 12, -8, 12, -9, 12, -9, 11, -9, 11, -9, 11, -9, 11, -8, 11, -7, 12, -7, 13, -7, 12, -8, 12, -8, 12, -7, 13, -6, 13, -6, 12, -6, 12, -7, 12, -7, 13, -7, 13, -6, 13, -5, 13, -5, 15, -6, 15, -4, 14, -4, 15, -4, 15, -4, 15, -4, 15, -5, 15, -5, 15, -5, 15, -5, 15, -5, 16, -5, 16, -5, 16, -5, 16, -5, 16, -5, 17, -5, 17, -6, 17, -7, 16, -7, 16, -7, 15, -8, 15, -9, 15, -9, 15, -9, 15, -9, 14, -9, 13]"
CSI_DATA,43895,2024-04-02 16:47:15.158,1,static,1a:00:00:00:00:00,-51,11,1,0,1,1,1,0,0,0,1,-96,0,11,2,452209610,0,44,0,104,0,"[3, 14, 4, 14, 5, 14, 5, 14, 4, 14, 4, 13, 4, 13, 4, 13, 4, 13, 5, 13, 5, 13, 6, 13, 6, 13, 5, 13, 5, 13, 6, 13, 7, 12, 6, 11, 6, 11, 6, 12, 6, 13, 6, 12, 6, 12, 8, 12, 9, 13, 9, 14, 10, 11, 10, 12, 11, 12, 10, 11, 9, 11, 9, 12, 9, 12, 9, 12, 10, 12, 10, 13, 11, 13, 10, 13, 10, 13, 10, 13, 11, 14, 11, 14, 11, 14, 10, 14, 9, 15, 8, 15, 8, 15, 7, 15, 7, 15, 7, 15, 7, 14, 6, 14]"
CSI_DATA,43896,2024-04-02 16:47:15.168,1,static,1a:00:00:00:00:00,-51,11,1,0,1,1,1,0,0,0,1,-96,0,11,2,452219622,0,44,0,104,0,"[13, -6, 13, -6, 13, -7, 13, -7, 14, -7, 13, -6, 13, -6, 12, -6, 12, -6, 12, -7, 12, -8, 12, -8, 12, -8, 12, -8, 12, -8, 12, -8, 11, -9, 11, -8, 11, -8, 11, -8, 12, -8, 12, -8, 11, -9, 11, -10, 12, -11, 13, -11, 10, -11, 11, -12, 11, -12, 11, -12, 11, -11, 12, -11, 12, -11, 12, -11, 11, -11, 12, -12, 12, -12, 12, -12, 12, -12, 13, -12, 13, -12, 14, -12, 13, -12, 14, -11, 14, -10, 14, -9, 14, -9, 14, -9, 14, -9, 15, -9, 14, -8, 14, -7]"
CSI_DATA,43897,2024-04-02 16:47:15.178,1,static,1a:00:00:00:00:00,-51,11,1,0,1,1,1,0,0,0,1,-96,0,11,2,452229597,0,44,0,104,0,"[7, 12, 8, 12, 9, 11, 9, 12, 8, 12, 8, 12, 8, 11, 8, 11, 8, 11, 8, 10, 9, 10, 10, 10, 10, 10, 9, 10, 10, 10, 11, 10, 11, 9, 10, 8, 10, 8, 10, 9, 10, 9, 10, 9, 10, 8, 11, 8, 13, 9, 13, 9, 13, 7, 14, 7, 14, 6, 14, 6, 14, 7, 14, 7, 14, 7, 13, 7, 14, 7, 14, 8, 15, 8, 14, 8, 14, 8, 15, 8, 15, 8, 16, 8, 16, 8, 15, 9, 14, 10, 14, 9, 13, 10, 13, 10, 13, 10, 13, 11, 12, 11, 11, 10]"
CSI_DATA,43898,2024-04-02 16:47:15.189,1,static,1a:00:00:00:00:00,-51,11,1,0,1,1,1,0,0,0,1,-96,0,11,2,452239606,0,44,0,104,0,"[7, 14, 7, 14, 8, 14, 8, 14, 7, 14, 7, 14, 7, 13, 7, 14, 7, 13, 8, 13, 9, 13, 9, 13, 9, 13, 9, 13, 9, 13, 10, 12, 10, 12, 10, 11, 9, 11, 9, 12, 9, 12, 10, 12, 10, 11, 11, 11, 12, 11, 13, 13, 13, 10, 14, 11, 14, 10, 14, 10, 13, 11, 13, 11, 13, 11, 13, 11, 14, 11, 14, 12, 15, 12, 14, 11, 14, 11, 14, 12, 15, 13, 15, 13, 15, 13, 14, 13, 13, 14, 12, 14, 12, 14, 12, 14, 11, 14, 11, 14, 11, 14, 10, 14]"
CSI_DATA,43899,2024-04-02 16:47:15.198,1,static,1a:00:00:00:00:00,-51,11,1,0,1,1,1,0,0,0,1,-96,0,11,2,452249621,0,44,0,104,0,"[11, 12, 11, 11, 12, 11, 12, 11, 11, 11, 11, 11, 11, 11, 11, 11, 11, 10, 11, 10, 12, 9, 13, 9, 13, 9, 13, 10, 13, 9, 14, 8, 13, 8, 13, 7, 13, 7, 13, 8, 13, 8, 13, 8, 13, 7, 14, 7, 15, 7, 16, 8, 16, 5, 17, 5, 17, 5, 16, 5, 16, 6, 16, 6, 17, 6, 16, 6, 16, 6, 17, 6, 18, 6, 17, 6, 17, 6, 18, 6, 18, 7, 19, 6, 18, 7, 18, 8, 17, 8, 16, 9, 16, 9, 16, 9, 16, 9, 16, 9, 15, 10, 14, 10]"
CSI_DATA,43900,2024-04-02 16:47:15.210,1,static,1a:00:00:00:00:00,-51,11,1,0,1,1,1,0,0,0,1,-96,0,11,2,452261772,0,44,0,104,0,"[7, 14, 7, 14, 8, 14, 8, 14, 7, 14, 7, 14, 7, 14, 7, 14, 7, 13, 8, 13, 9, 13, 9, 13, 9, 13, 9, 13, 9, 13, 10, 12, 10, 11, 9, 11, 9, 11, 9, 12, 9, 12, 10, 12, 10, 11, 11, 11, 12, 12, 13, 13, 13, 10, 14, 11, 14, 10, 14, 10, 13, 11, 13, 11, 13, 11, 13, 11, 13, 11, 14, 12, 14, 12, 14, 12, 13, 12, 14, 13, 15, 13, 15, 13, 15, 13, 13, 14, 13, 14, 12, 14, 12, 14, 11, 14, 11, 14, 11, 15, 10, 15, 10, 14]"
CSI_DATA,43901,2024-04-02 16:47:15.218,1,static,1a:00:00:00:00:00,-51,11,1,0,1,1,1,0,0,0,1,-96,0,11,2,452269612,0,44,0,104,0,"[11, -13, 10, -13, 10, -14, 10, -14, 10, -14, 10, -13, 10, -13, 10, -13, 9, -13, 9, -13, 8, -14, 8, -15, 8, -15, 9, -14, 8, -14, 7, -15, 7, -15, 6, -14, 6, -14, 7, -14, 7, -15, 7, -15, 6, -15, 6, -16, 6, -17, 6, -17, 4, -17, 4, -18, 4, -18, 4, -18, 4, -17, 5, -18, 5, -18, 5, -18, 5, -18, 5, -19, 5, -19, 5, -19, 5, -19, 5, -19, 5, -20, 5, -20, 6, -20, 6, -19, 7, -18, 8, -18, 8, -18, 9, -17, 9, -17, 9, -17, 8, -16, 8, -16]"
CSI_DATA,43902,2024-04-02 16:47:15.228,1,static,1a:00:00:00:00:00,-51,11,1,0,1,1,1,0,0,0,1,-96,0,11,2,452279622,0,44,0,104,0,"[10, -11, 9, -11, 9, -12, 9, -12, 9, -12, 9, -12, 9, -11, 8, -11, 8, -11, 8, -11, 7, -12, 7, -13, 8, -13, 8, -13, 8, -13, 7, -14, 6, -14, 6, -13, 6, -13, 6, -13, 7, -13, 6, -13, 6, -13, 5, -14, 5, -15, 6, -16, 3, -15, 4, -16, 3, -17, 3, -16, 4, -16, 4, -16, 4, -16, 4, -16, 4, -16, 4, -17, 4, -17, 5, -17, 4, -17, 4, -17, 4, -18, 4, -19, 4, -18, 5, -17, 6, -17, 6, -16, 7, -16, 7, -16, 7, -16, 7, -16, 7, -15, 7, -15]"
CSI_DATA,43903,2024-04-02 16:47:15.238,1,static,1a:00:00:00:00:00,-51,11,1,0,1,1,1,0,0,0,1,-96,0,11,2,452289631,0,44,0,104,0,"[-12, -12, -13, -12, -14, -11, -14, -11, -13, -12, -13, -11, -12, -11, -12, -11, -13, -11, -13, -10, -14, -10, -14, -10, -14, -10, -14, -10, -14, -10, -15, -9, -15, -8, -14, -8, -14, -8, -14, -8, -14, -9, -15, -9, -15, -8, -15, -7, -17, -8, -18, -8, -17, -6, -18, -6, -18, -6, -17, -5, -17, -6, -17, -6, -17, -6, -17, -7, -18, -7, -18, -7, -19, -7, -18, -7, -18, -7, -19, -7, -20, -7, -20, -7, -20, -7, -19, -8, -18, -9, -17, -10, -17, -10, -17, -10, -17, -10, -17, -11, -16, -11, -15, -11]"
CSI_DATA,43904,2024-04-02 16:47:15.249,1,static,1a:00:00:00:00:00,-51,11,1,0,1,1,1,0,0,0,1,-96,0,11,2,452300184,0,44,0,104,0,"[-14, 6, -14, 6, -13, 7, -14, 7, -14, 7, -14, 7, -13, 7, -13, 6, -13, 6, -12, 7, -12, 8, -12, 9, -12, 9, -13, 8, -13, 8, -12, 9, -11, 9, -11, 8, -11, 9, -12, 9, -12, 9, -11, 9, -11, 9, -10, 10, -11, 11, -12, 11, -10, 12, -10, 12, -10, 13, -10, 12, -10, 12, -11, 13, -11, 12, -11, 12, -10, 12, -11, 13, -11, 14, -11, 13, -11, 13, -11, 13, -12, 13, -12, 14, -12, 14, -13, 13, -13, 12, -13, 11, -13, 11, -13, 10, -13, 11, -14, 11, -13, 10, -13, 9]"
CSI_DATA,43905,2024-04-02 16:47:15.258,1,static,1a:00:00:00:00:00,-51,11,1,0,1,1,1,0,0,0,1,-96,0,11,2,452309620,0,44,0,104,0,"[-17, -1, -17, -1, -17, 0, -17, 1, -17, 0, -17, 0, -17, 0, -16, 0, -16, 0, -16, 1, -16, 2, -17, 2, -17, 2, -17, 2, -17, 2, -17, 3, -16, 4, -15, 3, -15, 3, -16, 3, -16, 3, -16, 4, -16, 4, -16, 5, -17, 6, -18, 6, -16, 8, -17, 8, -17, 9, -16, 8, -16, 8, -16, 8, -17, 8, -17, 8, -16, 8, -17, 8, -18, 9, -17, 8, -17, 8, -18, 9, -18, 9, -19, 9, -19, 9, -19, 8, -18, 6, -18, 6, -18, 6, -18, 6, -18, 5, -19, 5, -18, 4, -18, 4]"
CSI_DATA,43906,2024-04-02 16:47:15.271,1,static,1a:00:00:00:00:00,-51,11,1,0,1,1,1,0,0,0,1,-96,0,11,2,452319612,0,44,0,104,0,"[-16, 4, -16, 5, -16, 6, -16, 6, -16, 6, -16, 5, -15, 5, -15, 5, -15, 5, -15, 6, -15, 7, -15, 7, -15, 7, -16, 7, -15, 7, -15, 8, -14, 9, -13, 8, -13, 8, -14, 8, -14, 8, -14, 8, -14, 8, -14, 9, -14, 11, -15, 10, -13, 12, -13, 13, -13, 13, -13, 13, -13, 12, -13, 12, -14, 12, -14, 12, -14, 12, -14, 12, -15, 13, -14, 12, -14, 12, -15, 13, -15, 13, -15, 14, -15, 13, -16, 12, -16, 11, -16, 11, -16, 10, -16, 10, -17, 10, -17, 9, -16, 9, -16, 8]"
CSI_DATA,43907,2024-04-02 16:47:15.278,1,static,1a:00:00:00:00:00,-51,11,1,0,1,1,1,0,0,0,1,-96,0,11,2,452329598,0,44,0,104,0,"[-7, -12, -7, -12, -8, -12, -8, -12, -8, -12, -8, -12, -8, -12, -7, -11, -7, -11, -8, -10, -9, -10, -10, -10, -9, -10, -9, -11, -9, -10, -10, -10, -10, -9, -9, -9, -9, -9, -9, -10, -9, -10, -9, -9, -10, -9, -11, -8, -12, -9, -12, -10, -12, -8, -13, -8, -13, -8, -13, -8, -12, -8, -13, -8, -13, -8, -12, -8, -12, -8, -13, -8, -14, -9, -13, -9, -13, -8, -13, -9, -14, -9, -14, -9, -14, -9, -13, -10, -13, -11, -12, -11, -12, -11, -11, -11, -11, -10, -12, -11, -11, -11, -10, -11]"
CSI_DATA,43908,2024-04-02 16:47:15.288,1,static,1a:00:00:00:00:00,-51,11,1,0,1,1,1,0,0,0,1,-96,0,11,2,452339622,0,44,0,104,0,"[-15, 1, -15, 1, -15, 2, -15, 2, -15, 2, -15, 2, -15, 2, -15, 1, -14, 2, -14, 2, -14, 3, -14, 4, -15, 4, -15, 3, -15, 3, -14, 4, -14, 5, -13, 4, -13, 4, -14, 4, -14, 4, -14, 4, -14, 5, -14, 6, -15, 7, -16, 7, -13, 8, -15, 8, -14, 9, -14, 8, -14, 8, -14, 8, -15, 8, -15, 7, -15, 7, -15, 8, -15, 8, -15, 8, -15, 8, -16, 8, -16, 8, -16, 8, -16, 8, -16, 7, -16, 6, -16, 5, -17, 5, -17, 5, -17, 5, -17, 5, -16, 4, -16, 3]"
CSI_DATA,43909,2024-04-02 16:47:15.301,1,static,1a:00:00:00:00:00,-51,11,1,0,1,1,1,0,0,0,1,-96,0,11,2,452352588,0,44,0,104,0,"[-14, 8, -14, 9, -14, 9, -14, 9, -15, 9, -14, 8, -14, 8, -14, 9, -13, 9, -13, 9, -13, 10, -13, 11, -13, 11, -13, 10, -13, 10, -12, 11, -11, 11, -11, 11, -11, 11, -12, 11, -12, 11, -12, 11, -12, 11, -11, 12, -12, 13, -13, 14, -10, 14, -10, 15, -10, 15, -10, 15, -10, 14, -11, 15, -11, 15, -11, 14, -11, 15, -11, 15, -12, 16, -12, 15, -11, 15, -12, 15, -12, 16, -12, 17, -12, 16, -13, 15, -13, 14, -14, 13, -14, 13, -14, 13, -15, 13, -15, 13, -14, 12, -14, 11]"
CSI_DATA,43910,2024-04-02 16:47:15.308,1,static,1a:00:00:00:00:00,-50,11,1,0,1,1,1,0,0,0,1,-96,0,11,2,452359629,0,44,0,104,0,"[12, -2, 12, -3, 12, -4, 12, -4, 12, -3, 12, -3, 11, -3, 11, -3, 11, -3, 11, -4, 11, -5, 11, -5, 11, -5, 11, -5, 11, -5, 11, -6, 10, -6, 10, -6, 10, -5, 11, -5, 11, -5, 10, -6, 10, -6, 10, -7, 11, -8, 11, -8, 10, -8, 10, -9, 10, -10, 10, -9, 10, -9, 10, -9, 11, -9, 11, -9, 10, -9, 10, -9, 11, -10, 10, -9, 11, -9, 11, -10, 11, -10, 11, -10, 11, -10, 12, -9, 12, -8, 12, -8, 12, -8, 12, -7, 12, -7, 12, -7, 12, -7, 12, -6]"
CSI_DATA,43911,2024-04-02 16:47:15.318,1,static,1a:00:00:00:00:00,-51,11,1,0,1,1,1,0,0,0,1,-96,0,11,2,452369605,0,44,0,104,0,"[13, 7, 14, 7, 15, 6, 15, 6, 14, 7, 14, 7, 14, 7, 13, 7, 13, 6, 14, 6, 15, 5, 15, 4, 15, 4, 15, 5, 15, 5, 16, 4, 15, 3, 14, 3, 14, 3, 15, 4, 15, 4, 15, 4, 15, 3, 15, 2, 17, 2, 17, 2, 17, 0, 18, 0, 18, 0, 17, 0, 17, 1, 17, 1, 18, 1, 18, 1, 17, 1, 18, 1, 19, 1, 18, 1, 18, 1, 19, 1, 19, 1, 20, 1, 19, 1, 19, 2, 19, 4, 18, 4, 18, 4, 18, 4, 18, 4, 18, 5, 17, 5, 16, 6]"
CSI_DATA,43912,2024-04-02 16:47:15.338,1,static,1a:00:00:00:00:00,-51,11,1,0,1,1,1,0,0,0,1,-96,0,11,2,452389620,0,44,0,104,0,"[7, 14, 7, 14, 9, 13, 9, 14, 8, 14, 8, 14, 8, 13, 8, 13, 8, 13, 8, 13, 9, 12, 10, 12, 10, 12, 10, 12, 10, 12, 11, 11, 11, 11, 10, 10, 10, 10, 11, 11, 11, 11, 11, 11, 11, 10, 12, 10, 13, 10, 14, 12, 14, 9, 15, 9, 15, 9, 15, 8, 14, 9, 15, 9, 15, 9, 15, 9, 15, 9, 15, 9, 16, 10, 15, 10, 15, 10, 16, 10, 16, 10, 17, 10, 17, 11, 16, 11, 15, 12, 15, 12, 14, 12, 13, 12, 13, 12, 14, 13, 13, 12, 12, 12]"
CSI_DATA,43913,2024-04-02 16:47:15.348,1,static,1a:00:00:00:00:00,-51,11,1,0,1,1,1,0,0,0,1,-96,0,11,2,452399626,0,44,0,104,0,"[9, -10, 8, -11, 8, -11, 8, -11, 8, -11, 8, -10, 7, -10, 7, -10, 7, -10, 7, -11, 6, -11, 6, -12, 6, -12, 6, -11, 6, -11, 6, -12, 5, -12, 5, -11, 5, -11, 5, -11, 6, -12, 6, -12, 5, -12, 4, -13, 4, -14, 5, -14, 3, -14, 3, -15, 3, -15, 3, -14, 3, -14, 4, -14, 4, -14, 4, -14, 4, -14, 4, -15, 4, -15, 4, -15, 4, -15, 4, -15, 4, -16, 4, -16, 4, -16, 5, -15, 6, -15, 6, -14, 6, -14, 7, -14, 7, -14, 7, -14, 7, -13, 7, -12]"
CSI_DATA,43914,2024-04-02 16:47:15.358,1,static,1a:00:00:00:00:00,-51,11,1,0,1,1,1,0,0,0,1,-96,0,11,2,452409630,0,44,0,104,0,"[-16, -7, -16, -7, -16, -6, -17, -6, -16, -7, -16, -7, -16, -6, -15, -6, -15, -6, -15, -5, -16, -4, -17, -4, -17, -4, -16, -4, -16, -4, -17, -3, -17, -2, -16, -2, -15, -2, -16, -3, -17, -3, -17, -3, -16, -2, -17, -1, -18, -1, -19, -1, -17, 1, -19, 1, -19, 2, -18, 2, -18, 1, -18, 1, -19, 1, -18, 0, -18, 1, -19, 1, -20, 1, -19, 1, -19, 1, -20, 1, -21, 1, -21, 2, -21, 1, -20, 0, -20, -1, -20, -2, -20, -2, -19, -2, -19, -2, -19, -2, -19, -3, -18, -4]"
CSI_DATA,43915,2024-04-02 16:47:15.368,1,static,1a:00:00:00:00:00,-51,11,1,0,1,1,1,0,0,0,1,-96,0,11,2,452419619,0,44,0,104,0,"[-10, -14, -10, -14, -11, -13, -11, -14, -11, -14, -11, -14, -11, -13, -11, -13, -11, -12, -11, -12, -12, -12, -12, -12, -13, -12, -12, -12, -12, -12, -13, -11, -13, -11, -12, -10, -12, -10, -12, -11, -13, -11, -13, -11, -13, -10, -14, -10, -15, -10, -16, -11, -16, -9, -16, -9, -17, -9, -17, -9, -16, -9, -16, -9, -16, -9, -16, -9, -16, -9, -17, -10, -18, -10, -17, -10, -17, -10, -17, -10, -18, -11, -18, -11, -18, -11, -17, -12, -16, -12, -16, -12, -15, -13, -15, -12, -15, -13, -15, -13, -14, -13, -13, -13]"
CSI_DATA,43916,2024-04-02 16:47:15.379,1,static,1a:00:00:00:00:00,-51,11,1,0,1,1,1,0,0,0,1,-96,0,11,2,452429957,0,44,0,104,0,"[-15, -5, -15, -4, -16, -3, -16, -3, -16, -4, -15, -4, -15, -3, -15, -3, -14, -3, -14, -2, -15, -2, -15, -1, -15, -1, -15, -2, -15, -2, -15, 0, -15, 0, -14, 0, -14, 0, -15, -1, -15, 0, -15, 0, -15, 0, -15, 1, -16, 2, -17, 1, -15, 3, -16, 3, -16, 4, -16, 4, -16, 3, -16, 4, -16, 4, -16, 3, -16, 3, -17, 3, -18, 3, -17, 3, -17, 3, -17, 3, -18, 3, -18, 4, -18, 4, -18, 3, -18, 2, -18, 1, -18, 1, -17, 0, -18, 0, -18, 0, -17, -1, -16, -1]"
CSI_DATA,43917,2024-04-02 16:47:15.388,1,static,1a:00:00:00:00:00,-51,11,1,0,1,1,1,0,0,0,1,-96,0,11,2,452439598,0,44,0,104,0,"[9, -12, 9, -12, 8, -13, 8, -13, 9, -12, 9, -12, 8, -12, 8, -12, 8, -12, 7, -12, 7, -13, 7, -14, 7, -14, 7, -13, 7, -13, 6, -14, 6, -13, 5, -13, 5, -13, 6, -13, 6, -13, 6, -13, 5, -13, 5, -14, 5, -15, 6, -16, 3, -15, 4, -16, 3, -17, 3, -16, 4, -16, 4, -16, 4, -16, 4, -16, 4, -16, 4, -16, 5, -17, 5, -17, 5, -17, 5, -17, 5, -17, 5, -18, 5, -18, 6, -17, 7, -17, 7, -16, 7, -15, 8, -15, 8, -15, 8, -15, 8, -14, 8, -14]"
CSI_DATA,43918,2024-04-02 16:47:15.398,1,static,1a:00:00:00:00:00,-51,11,1,0,1,1,1,0,0,0,1,-96,0,11,2,452449622,0,44,0,104,0,"[-13, 3, -13, 3, -13, 4, -13, 4, -13, 3, -13, 3, -13, 3, -13, 4, -12, 4, -12, 4, -12, 4, -12, 5, -12, 5, -13, 4, -12, 5, -12, 6, -12, 6, -11, 6, -11, 6, -11, 6, -12, 6, -12, 6, -11, 6, -11, 7, -12, 8, -13, 8, -10, 9, -11, 9, -11, 10, -11, 9, -11, 9, -11, 9, -11, 9, -11, 9, -11, 9, -12, 9, -12, 9, -13, 9, -12, 9, -12, 9, -13, 10, -13, 10, -13, 10, -13, 9, -13, 8, -13, 8, -13, 8, -14, 7, -14, 7, -14, 6, -14, 6, -13, 5]"
CSI_DATA,43919,2024-04-02 16:47:15.408,1,static,1a:00:00:00:00:00,-51,11,1,0,1,1,1,0,0,0,1,-96,0,11,2,452459597,0,44,0,104,0,"[2, -15, 1, -15, 1, -15, 1, -16, 1, -15, 1, -15, 2, -15, 2, -15, 1, -14, 1, -14, 0, -15, -1, -15, -1, -15, 0, -15, 0, -15, -1, -16, -2, -15, -2, -14, -1, -14, -1, -15, -1, -15, -1, -15, -1, -14, -3, -15, -3, -16, -3, -17, -4, -15, -4, -16, -5, -16, -5, -16, -4, -16, -4, -16, -3, -16, -3, -16, -4, -16, -4, -17, -4, -17, -4, -17, -4, -17, -4, -17, -4, -18, -4, -19, -4, -19, -2, -18, -1, -18, -1, -18, 0, -17, 0, -17, 0, -17, 0, -18, 0, -17, 0, -16]"
CSI_DATA,43920,2024-04-02 16:47:15.418,1,static,1a:00:00:00:00:00,-51,11,1,0,1,1,1,0,0,0,1,-96,0,11,2,452469627,0,44,0,104,0,"[6, 11, 6, 11, 7, 10, 7, 11, 7, 11, 6, 11, 6, 11, 6, 10, 6, 10, 7, 10, 8, 10, 8, 10, 8, 9, 8, 10, 8, 9, 8, 9, 8, 9, 8, 8, 8, 8, 8, 9, 8, 9, 8, 9, 8, 8, 9, 8, 10, 8, 11, 9, 11, 7, 11, 7, 12, 7, 11, 7, 11, 8, 11, 8, 11, 8, 11, 8, 11, 8, 11, 8, 12, 9, 11, 8, 11, 8, 12, 9, 12, 9, 13, 9, 12, 9, 12, 10, 11, 10, 10, 11, 10, 11, 9, 11, 9, 11, 10, 11, 9, 11, 8, 11]"
CSI_DATA,43921,2024-04-02 16:47:15.428,1,static,1a:00:00:00:00:00,-51,11,1,0,1,1,1,0,0,0,1,-96,0,11,2,452479656,0,44,0,104,0,"[12, -5, 12, -6, 12, -7, 12, -7, 12, -6, 11, -6, 11, -6, 11, -6, 11, -6, 11, -7, 10, -7, 10, -8, 10, -8, 11, -7, 10, -7, 10, -8, 10, -8, 9, -8, 9, -8, 10, -8, 10, -8, 10, -8, 9, -8, 9, -10, 9, -11, 10, -11, 8, -11, 9, -12, 8, -12, 8, -12, 9, -11, 9, -11, 9, -11, 9, -11, 9, -11, 9, -12, 9, -12, 9, -12, 9, -12, 9, -12, 10, -12, 10, -13, 10, -13, 11, -12, 11, -11, 11, -10, 11, -10, 11, -10, 12, -10, 12, -10, 11, -9, 11, -8]"
CSI_DATA,43922,2024-04-02 16:47:15.438,1,static,1a:00:00:00:00:00,-51,11,1,0,1,1,1,0,0,0,1,-96,0,11,2,452489626,0,44,0,104,0,"[-12, 8, -12, 9, -12, 10, -12, 10, -12, 9, -12, 9, -12, 9, -12, 9, -11, 9, -11, 9, -11, 10, -10, 10, -11, 10, -11, 10, -11, 10, -10, 11, -9, 11, -9, 11, -9, 10, -9, 11, -10, 11, -9, 11, -9, 11, -8, 12, -9, 13, -9, 13, -7, 14, -7, 15, -7, 15, -6, 14, -7, 14, -7, 14, -7, 14, -7, 14, -7, 14, -8, 15, -8, 15, -8, 15, -8, 15, -8, 15, -8, 16, -8, 16, -8, 16, -9, 15, -9, 14, -10, 14, -10, 14, -10, 14, -11, 14, -11, 14, -11, 12, -10, 11]"
CSI_DATA,43923,2024-04-02 16:47:15.449,1,static,1a:00:00:00:00:00,-51,11,1,0,1,1,1,0,0,0,1,-96,0,11,2,452499602,0,44,0,104,0,"[-11, -8, -12, -7, -12, -7, -12, -7, -12, -7, -12, -7, -12, -7, -11, -7, -11, -7, -11, -6, -12, -5, -13, -5, -13, -5, -13, -6, -12, -6, -13, -5, -13, -5, -12, -4, -12, -4, -13, -5, -13, -5, -12, -5, -12, -4, -13, -3, -14, -3, -15, -4, -14, -2, -15, -2, -15, -2, -14, -2, -15, -3, -15, -3, -15, -3, -14, -3, -14, -3, -15, -3, -16, -3, -15, -3, -15, -3, -16, -3, -16, -4, -17, -3, -17, -3, -16, -4, -16, -5, -15, -6, -15, -6, -14, -6, -14, -6, -15, -6, -14, -6, -14, -6]"
CSI_DATA,43924,2024-04-02 16:47:15.458,1,static,1a:00:00:00:00:00,-51,11,1,0,1,1,1,0,0,0,1,-96,0,11,2,452509596,0,44,0,104,0,"[-10, 11, -9, 12, -9, 12, -9, 12, -9, 12, -9, 11, -9, 11, -9, 11, -8, 11, -8, 11, -7, 12, -7, 13, -7, 13, -8, 12, -7, 12, -7, 13, -6, 13, -6, 12, -6, 12, -6, 13, -7, 13, -6, 13, -5, 13, -5, 13, -5, 15, -5, 16, -3, 15, -4, 15, -3, 16, -3, 15, -4, 15, -4, 16, -4, 16, -4, 15, -3, 15, -3, 16, -3, 17, -4, 16, -4, 16, -4, 16, -4, 17, -4, 18, -4, 18, -5, 17, -6, 16, -6, 16, -6, 16, -6, 15, -7, 15, -7, 15, -7, 14, -7, 14]"
CSI_DATA,43925,2024-04-02 16:47:15.468,1,static,1a:00:00:00:00:00,-51,11,1,0,1,1,1,0,0,0,1,-96,0,11,2,452519596,0,44,0,104,0,"[-13, 1, -13, 1, -13, 2, -14, 2, -14, 2, -13, 1, -13, 1, -13, 1, -13, 2, -12, 2, -13, 3, -13, 3, -13, 3, -13, 3, -13, 3, -13, 4, -12, 4, -12, 4, -12, 4, -12, 4, -13, 4, -12, 4, -12, 5, -12, 6, -13, 6, -14, 7, -11, 7, -12, 8, -12, 8, -11, 8, -12, 7, -12, 8, -12, 8, -12, 8, -12, 8, -13, 8, -13, 8, -13, 8, -13, 8, -13, 8, -14, 8, -14, 9, -14, 9, -14, 8, -14, 7, -14, 7, -14, 6, -14, 6, -14, 6, -14, 6, -14, 5, -14, 4]"
CSI_DATA,43926,2024-04-02 16:47:15.478,1,static,1a:00:00:00:00:00,-51,11,1,0,1,1,1,0,0,0,1,-96,0,11,2,452529609,0,44,0,104,0,"[7, 10, 7, 10, 8, 10, 8, 10, 8, 10, 8, 10, 7, 10, 7, 10, 7, 9, 8, 9, 9, 9, 9, 9, 9, 8, 9, 9, 9, 9, 10, 8, 10, 7, 9, 7, 9, 7, 9, 8, 9, 8, 9, 8, 9, 7, 10, 7, 11, 7, 12, 8, 11, 6, 12, 6, 13, 6, 12, 6, 12, 6, 12, 7, 12, 7, 12, 7, 12, 7, 12, 7, 13, 7, 13, 7, 12, 7, 13, 7, 13, 7, 14, 7, 14, 8, 13, 9, 12, 9, 11, 9, 11, 9, 11, 9, 11, 9, 11, 9, 10, 9, 10, 9]"
CSI_DATA,43927,2024-04-02 16:47:15.488,1,static,1a:00:00:00:00:00,-51,11,1,0,1,1,1,0,0,0,1,-96,0,11,2,452539614,0,44,0,104,0,"[8, 14, 9, 13, 10, 13, 9, 13, 9, 14, 8, 13, 8, 13, 8, 13, 8, 13, 9, 12, 10, 12, 10, 12, 10, 12, 10, 12, 10, 12, 11, 11, 11, 11, 10, 10, 10, 10, 10, 11, 10, 12, 10, 12, 11, 11, 12, 10, 13, 11, 13, 12, 14, 10, 14, 10, 15, 9, 14, 9, 14, 10, 14, 10, 14, 11, 14, 11, 14, 11, 15, 11, 15, 11, 14, 11, 14, 11, 14, 11, 15, 12, 16, 12, 15, 12, 14, 13, 13, 14, 13, 14, 12, 14, 12, 14, 12, 14, 12, 14, 10, 14, 10, 14]"
CSI_DATA,43928,2024-04-02 16:47:15.498,1,static,1a:00:00:00:00:00,-51,11,1,0,1,1,1,0,0,0,1,-96,0,11,2,452549735,0,44,0,104,0,"[-17, -3, -17, -2, -17, -1, -18, -1, -17, -2, -17, -2, -16, -2, -17, -2, -17, -1, -17, -1, -17, 0, -17, 0, -17, 0, -17, 0, -17, 0, -17, 2, -16, 2, -16, 2, -15, 2, -16, 2, -17, 2, -17, 2, -16, 2, -17, 3, -18, 4, -19, 3, -17, 6, -18, 6, -17, 6, -17, 6, -17, 6, -17, 6, -18, 6, -18, 5, -18, 6, -18, 6, -19, 6, -18, 5, -18, 5, -19, 6, -20, 6, -20, 6, -20, 6, -20, 5, -19, 4, -19, 3, -19, 3, -19, 3, -20, 3, -20, 2, -19, 1, -18, 1]"
CSI_DATA,43929,2024-04-02 16:47:15.508,1,static,1a:00:00:00:00:00,-51,11,1,0,1,1,1,0,0,0,1,-96,0,11,2,452559668,0,44,0,104,0,"[-12, 5, -12, 6, -12, 6, -12, 6, -12, 6, -12, 6, -12, 6, -12, 6, -11, 6, -11, 6, -11, 7, -11, 8, -11, 8, -11, 7, -11, 7, -11, 8, -10, 8, -10, 8, -10, 8, -10, 8, -11, 8, -10, 8, -9, 8, -9, 9, -10, 10, -10, 10, -8, 10, -9, 11, -9, 11, -9, 11, -9, 11, -9, 11, -9, 11, -9, 11, -9, 11, -9, 11, -10, 12, -10, 12, -9, 11, -10, 12, -10, 12, -10, 13, -11, 12, -11, 12, -11, 11, -11, 11, -11, 10, -11, 10, -11, 10, -12, 10, -11, 9, -11, 8]"
CSI_DATA,43930,2024-04-02 16:47:15.521,1,static,1a:00:00:00:00:00,-51,11,1,0,1,1,1,0,0,0,1,-96,0,11,2,452569619,0,44,0,104,0,"[-5, -15, -5, -15, -6, -14, -6, -15, -6, -15, -5, -14, -5, -14, -5, -14, -6, -14, -6, -14, -7, -14, -8, -14, -8, -14, -7, -14, -7, -14, -8, -14, -8, -13, -8, -12, -7, -12, -7, -13, -8, -13, -8, -13, -8, -13, -9, -12, -10, -13, -10, -14, -11, -12, -12, -13, -12, -12, -12, -12, -11, -12, -11, -13, -11, -13, -11, -13, -11, -13, -12, -14, -12, -14, -11, -14, -11, -14, -12, -14, -12, -15, -13, -15, -12, -15, -11, -15, -10, -15, -9, -15, -9, -16, -9, -16, -9, -16, -9, -16, -8, -15, -7, -15]"
CSI_DATA,43931,2024-04-02 16:47:15.533,1,static,1a:00:00:00:00:00,-51,11,1,0,1,1,1,0,0,0,1,-96,0,11,2,452583901,0,44,0,104,0,"[-6, 15, -5, 15, -4, 16, -4, 16, -5, 15, -5, 15, -5, 15, -5, 15, -4, 15, -4, 15, -3, 16, -2, 16, -2, 16, -3, 16, -3, 16, -2, 16, -1, 16, -1, 15, -1, 14, -2, 15, -2, 16, -2, 16, -1, 16, 0, 16, 1, 17, 0, 18, 2, 16, 2, 17, 2, 17, 2, 17, 2, 17, 1, 17, 1, 18, 1, 17, 1, 17, 2, 18, 2, 19, 1, 19, 1, 18, 1, 19, 2, 20, 2, 20, 1, 20, 0, 20, 0, 19, -1, 19, -2, 18, -2, 18, -2, 18, -2, 19, -3, 18, -3, 17]"
CSI_DATA,43932,2024-04-02 16:47:15.538,1,static,1a:00:00:00:00:00,-51,11,1,0,1,1,1,0,0,0,1,-96,0,11,2,452589622,0,44,0,104,0,"[-8, 10, -8, 11, -7, 11, -7, 11, -7, 11, -7, 10, -7, 10, -7, 10, -7, 10, -6, 11, -6, 11, -5, 12, -6, 12, -6, 12, -6, 11, -5, 12, -4, 12, -4, 11, -4, 11, -5, 11, -5, 12, -5, 12, -4, 12, -3, 12, -3, 13, -4, 14, -2, 13, -2, 14, -2, 14, -1, 14, -2, 13, -2, 14, -2, 14, -2, 14, -2, 14, -2, 14, -2, 15, -2, 14, -2, 14, -2, 15, -2, 15, -2, 16, -2, 16, -3, 15, -4, 15, -4, 14, -4, 14, -5, 14, -5, 14, -5, 14, -5, 13, -5, 13]"
CSI_DATA,43933,2024-04-02 16:47:15.558,1,static,1a:00:00:00:00:00,-51,11,1,0,1,1,1,0,0,0,1,-96,0,11,2,452608436,0,44,0,104,0,"[14, 8, 14, 7, 15, 6, 15, 6, 14, 7, 14, 7, 14, 7, 14, 7, 14, 6, 14, 5, 15, 5, 15, 4, 15, 4, 15, 5, 15, 5, 16, 4, 15, 3, 14, 3, 14, 3, 15, 3, 15, 4, 15, 3, 15, 3, 16, 1, 17, 1, 18, 2, 17, 0, 18, 0, 18, -1, 17, -1, 17, 0, 18, 0, 18, 0, 18, 0, 18, 0, 18, 0, 19, 0, 18, 0, 18, 0, 19, 0, 20, 0, 20, 0, 20, 0, 20, 2, 19, 2, 19, 3, 18, 3, 18, 3, 18, 3, 18, 3, 17, 4, 16, 4]"
CSI_DATA,43934,2024-04-02 16:47:15.568,1,static,1a:00:00:00:00:00,-51,11,1,0,1,1,1,0,0,0,1,-96,0,11,2,452619621,0,44,0,104,0,"[0, 14, 1, 14, 2, 14, 2, 15, 1, 15, 1, 14, 1, 14, 1, 14, 1, 14, 2, 13, 3, 14, 3, 14, 3, 14, 3, 14, 3, 14, 4, 14, 4, 13, 4, 12, 3, 12, 3, 13, 3, 14, 3, 14, 4, 13, 5, 13, 6, 14, 6, 15, 7, 13, 7, 14, 8, 14, 8, 13, 7, 14, 6, 14, 6, 14, 6, 14, 6, 14, 7, 15, 8, 15, 7, 14, 7, 14, 7, 15, 7, 16, 8, 16, 7, 16, 6, 16, 5, 16, 5, 16, 4, 16, 4, 16, 4, 16, 4, 16, 3, 15, 3, 15]"
CSI_DATA,43935,2024-04-02 16:47:15.579,1,static,1a:00:00:00:00:00,-51,11,1,0,1,1,1,0,0,0,1,-96,0,11,2,452629601,0,44,0,104,0,"[-3, 16, -2, 16, -1, 17, -2, 17, -2, 16, -3, 16, -3, 15, -3, 15, -2, 15, -2, 15, 0, 16, 0, 16, 0, 16, -1, 16, -1, 16, 1, 16, 1, 16, 1, 15, 1, 15, 0, 15, 0, 16, 0, 16, 1, 15, 2, 15, 3, 17, 3, 18, 4, 16, 5, 17, 5, 17, 5, 16, 4, 16, 4, 17, 4, 17, 4, 17, 4, 17, 4, 18, 5, 18, 4, 18, 4, 18, 4, 18, 5, 19, 5, 19, 4, 19, 3, 19, 2, 19, 2, 19, 1, 19, 1, 18, 0, 18, 0, 18, 0, 18, -1, 17]"
